"ad_date","campaign_name","total_spend","total_impressions","total_clicks","total_value"
"2021-08-22",Crazy discounts,3614,10389,434,5132
"2021-07-25",Crazy discounts,3334,22804,251,4896
"2021-05-17",Promos,2739,9252,109,4779
"2021-07-28",New items,9125,25032,608,9304
"2021-08-15",New items,9223,28545,430,10708
"2021-05-13",Promos,2425,18037,108,2850
"2021-07-12",Crazy discounts,3517,13058,149,5110
"2021-11-20",Lookalike,27331,96214,1431,28996
"2021-10-22",Wholesale,10031,15975,157,14407
"2021-11-28",Wholesale,5589,12056,85,7018
"2022-07-01",Expansion,93909,48119,203,101149
"2022-02-08",Trendy,699,27130,102,1286
"2021-09-13",Lookalike,24866,109701,522,30213
"2021-09-24",Wholesale,13240,16327,143,15761
"2021-06-16",New items,2709,6789,50,2708
"2021-06-10",Promos,5280,32060,194,10140
"2020-11-11",Discounts,189,1800,45,238
"2021-07-16",Electronics,35256,102035,147,29146
"2022-06-01",Hobbies,12970,74649,268,13061
"2021-07-28",Crazy discounts,5516,21481,288,6242
"2021-07-03",Electronics,23782,49997,470,29804
"2021-07-30",Lookalike,37850,104578,458,38961
"2021-01-06",Discounts,14270,65144,431,14590
"2021-10-12",Lookalike,14354,59125,568,18047
"2021-09-03",Wholesale,8876,34273,165,9738
"2021-10-10",Electronics,26246,104175,217,29866
"2021-06-23",Electronics,6061,20937,131,6344
"2021-09-11",Brand,732,2833,2,568
"2022-02-03",Trendy,544,15077,95,971
"2021-08-08",Crazy discounts,2861,42035,486,2973
"2022-05-12",Hobbies,19325,149540,928,24945
"2022-10-30",Expansion,75181,56039,189,83450
"2022-04-13",Expansion,273823,91264,1173,327045
"2021-07-17",Lookalike,28803,99642,1055,31466
"2021-10-01",Wholesale,14640,23578,107,19818
"2021-05-25",Lookalike,124761,348670,2255,192615
"2021-07-10",Wholesale,15667,28466,310,17613
"2021-12-09",Trendy,2597,9474,48,3648
"2021-06-27",Crazy discounts,3535,19692,248,2994
"2021-08-12",Brand,220,13026,4,326
"2021-11-29",Lookalike,17791,95153,838,21907
"2021-05-09",Promos,3904,17904,86,4915
"2021-12-31",Wholesale,2567,8691,28,3445
"2021-12-27",Trendy,864,5555,78,1504
"2021-08-29",Lookalike,20120,88375,281,34254
"2021-06-22",Crazy discounts,4732,34181,332,5260
"2021-11-24",Wholesale,8270,18152,93,9233
"2021-12-01",Lookalike,37609,80859,446,49035
"2021-07-04",Wholesale,16488,15499,165,19000
"2022-04-01",Hobbies,11175,153356,1087,13754
"2022-06-14",Hobbies,19381,85086,681,21920
"2021-07-26",Lookalike,24333,95097,372,19947
"2021-08-01",New items,6330,38316,413,5823
"2020-12-21",Discounts,5560,18746,329,5728
"2021-09-22",Promos,7267,77086,269,9373
"2021-11-16",Brand,206,8305,3,313
"2022-05-18",Hobbies,29439,160049,1331,30221
"2021-09-27",Promos,16307,69016,265,26312
"2021-01-17",Discounts,11219,52307,1280,16918
"2021-08-25",Promos,2930,12705,105,3904
"2021-08-30",Promos,7036,7842,274,15911
"2021-06-18",Electronics,1068,5318,42,1289
"2021-07-22",Promos,6776,9502,189,8886
"2021-08-07",Promos,3125,18688,51,4415
"2021-08-27",Crazy discounts,4350,19092,274,5060
"2021-10-02",Lookalike,31706,64446,305,45507
"2022-05-09",Expansion,26845,13029,61,37300
"2021-10-01",Electronics,41121,51651,119,38190
"2021-01-27",Discounts,1878,4880,116,1956
"2021-10-15",Crazy discounts,694,2407,60,619
"2021-06-13",Electronics,2914,4670,41,2368
"2021-02-03",Discounts,1552,4742,125,2204
"2021-10-29",Wholesale,7942,14288,86,10563
"2022-04-02",Hobbies,4258,105118,1239,4786
"2020-11-25",Discounts,4393,7301,528,3857
"2021-06-14",Electronics,684,7309,47,968
"2022-02-04",Trendy,990,14389,27,2081
"2021-06-26",Electronics,6146,29474,238,9443
"2021-06-07",Electronics,3738,7262,152,4251
"2021-08-16",Wholesale,10189,43423,301,13605
"2021-01-25",Discounts,2691,9321,402,3854
"2021-07-12",Wholesale,29200,28097,294,30668
"2021-06-22",New items,5761,4827,142,7985
"2020-11-27",Discounts,2598,18990,336,3855
"2022-10-27",Expansion,84602,55122,109,92627
"2021-08-26",Lookalike,27522,93026,504,36182
"2021-06-20",Wholesale,7093,36792,265,11087
"2022-10-28",Expansion,63033,5522,121,59000
"2021-09-27",Lookalike,10575,45967,313,8425
"2022-05-03",Expansion,38199,59294,98,46320
"2021-07-14",Crazy discounts,2019,14016,127,1662
"2021-08-09",Promos,2669,16688,57,4452
"2021-05-30",Electronics,4204,13055,121,5293
"2021-01-26",Brand,144,6151,3,136
"2022-05-23",Expansion,30307,16480,58,33791
"2021-12-03",Wholesale,4150,13102,77,5377
"2021-09-14",Crazy discounts,5010,24341,657,3855
"2021-12-03",Trendy,3889,20975,138,6548
"2021-09-23",Wholesale,12022,31789,193,14666
"2021-05-02",Electronics,17933,83271,483,26928
"2021-10-30",Wholesale,5838,13899,60,8511
"2020-12-06",Discounts,6496,31438,509,8932
"2021-10-18",Wholesale,11969,21906,147,13060
"2021-08-14",Brand,381,5871,3,451
"2021-04-30",Electronics,3496,49608,257,4105
"2021-05-27",Lookalike,5642,16169,226,5698
"2021-08-09",Brand,269,16225,2,345
"2021-05-28",New items,6112,27469,366,6274
"2021-08-11",Wholesale,17796,28131,213,19923
"2021-07-08",New items,4932,10185,223,4434
"2021-08-12",New items,3000,4813,147,3918
"2021-09-24",Electronics,24101,30189,359,25297
"2021-07-23",Wholesale,23630,35963,245,26966
"2021-06-18",Crazy discounts,2430,12846,68,2931
"2021-07-04",Crazy discounts,2651,15334,229,2472
"2021-09-04",Promos,8069,19192,250,17620
"2021-01-12",Discounts,13311,38693,1656,21600
"2021-08-16",Brand,189,2159,0,264
"2021-07-18",Wholesale,25941,35733,224,28917
"2022-01-17",Trendy,1758,3215,96,3535
"2022-04-25",Expansion,35669,52501,146,49501
"2021-07-16",Crazy discounts,2629,31895,529,3312
"2021-08-16",Crazy discounts,1017,15372,273,900
"2021-11-19",Lookalike,19810,49604,891,27511
"2022-01-25",Trendy,1591,4220,53,3149
"2021-08-23",Lookalike,13071,87117,830,18121
"2021-06-30",Lookalike,44388,29185,1583,69906
"2021-04-07",Brand,71,1355,3,104
"2021-12-25",Trendy,2216,2976,81,2876
"2021-08-07",Electronics,28251,141012,765,44216
"2022-01-08",Trendy,2263,12824,220,5332
"2021-07-25",New items,9639,22842,446,12882
"2021-10-05",Wholesale,17766,28518,213,23335
"2021-09-06",Lookalike,13968,82770,319,18316
"2022-04-24",Hobbies,33847,401074,1870,36955
"2021-09-13",Promos,13451,39089,181,13185
"2021-03-05",Brand,749,27963,5,1227
"2021-10-31",Lookalike,22526,25046,937,34687
"2021-12-05",Lookalike,10318,47038,156,13484
"2021-04-28",Promos,1742,6041,56,1853
"2021-09-28",Crazy discounts,649,9204,98,510
"2022-06-03",Hobbies,6117,38756,67,7134
"2021-10-16",Wholesale,6125,12493,106,5493
"2022-05-19",Expansion,53115,67807,167,67017
"2021-07-07",Crazy discounts,5511,30490,197,6014
"2021-09-16",Lookalike,31565,54921,474,25234
"2022-06-30",Expansion,57677,19823,168,47940
"2021-09-17",Wholesale,20665,30821,106,28850
"2022-10-29",Expansion,121204,59433,196,135104
"2021-09-26",Electronics,34456,61366,260,38084
"2021-07-15",New items,5900,8938,202,6963
"2021-07-01",Wholesale,8566,9545,224,12068
"2021-12-29",Trendy,1575,7088,91,2807
"2021-10-31",Wholesale,5295,7557,50,7706
"2021-09-02",Crazy discounts,3039,19639,257,5005
"2021-08-23",New items,10974,26699,616,17143
"2021-09-21",Lookalike,37624,27813,723,53876
"2020-11-19",Discounts,1083,12938,330,1765
"2021-06-29",Crazy discounts,1369,19900,82,1829
"2021-06-07",Lookalike,47420,54287,1666,68792
"2021-09-05",Promos,9323,15541,69,20377
"2021-02-23",Discounts,3319,12352,147,3434
"2021-11-06",Wholesale,4150,11224,118,4447
"2021-09-02",Wholesale,22656,32573,306,27121
"2022-06-07",Hobbies,15171,49115,273,26209
"2021-05-19",Electronics,1730,10065,50,2519
"2021-05-10",Promos,4785,9726,60,7452
"2021-09-22",Electronics,18316,40561,381,15976
"2021-06-24",Brand,435,4508,9,581
"2021-08-31",Electronics,17811,100445,556,25527
"2021-08-28",Lookalike,21029,86465,1039,18823
"2021-01-26",Discounts,1843,8760,98,1534
"2022-05-25",Hobbies,40020,200646,950,46008
"2022-04-16",Hobbies,7059,137654,1492,10648
"2021-07-13",New items,6194,20409,180,9427
"2021-06-25",Electronics,3926,14720,84,3653
"2021-01-21",Brand,218,1483,0,287
"2021-12-30",Lookalike,22756,44527,897,24302
"2021-06-27",Lookalike,31281,100576,1527,33414
"2021-10-04",Wholesale,8132,12502,90,7886
"2022-07-04",Expansion,48816,9719,145,74066
"2021-11-17",Wholesale,10124,14340,64,12898
"2022-06-13",Expansion,72000,27380,138,86290
"2021-10-22",Lookalike,30642,99352,737,42754
"2022-04-05",Expansion,130320,108954,1140,154226
"2022-06-01",Expansion,43550,69147,148,36259
"2022-06-07",Expansion,42369,27146,104,31972
"2021-08-01",Lookalike,32426,103488,1370,43088
"2021-07-27",Electronics,14663,177111,354,14575
"2021-06-10",Lookalike,20248,55894,679,33369
"2022-02-09",Trendy,1425,16773,63,3305
"2021-08-04",Crazy discounts,5400,42190,925,6268
"2021-08-06",New items,2494,8177,233,2164
"2020-12-26",Discounts,4848,15902,619,7467
"2021-01-27",Brand,721,9028,8,818
"2022-05-15",Hobbies,15435,198470,882,22487
"2021-07-10",New items,5851,28439,465,8813
"2021-09-05",Electronics,57691,134391,722,44755
"2021-10-18",Crazy discounts,2378,8682,98,2786
"2022-04-08",Hobbies,19756,311438,2047,23198
"2022-05-05",Expansion,42113,16636,150,54226
"2021-07-05",Lookalike,26675,162244,1215,21161
"2021-08-17",Crazy discounts,687,2219,25,823
"2021-07-07",Promos,3956,15586,34,8858
"2022-05-20",Hobbies,25845,225426,1177,28815
"2021-10-25",Crazy discounts,689,4117,37,928
"2021-07-08",Crazy discounts,4717,36048,132,5831
"2021-06-15",Lookalike,24009,59138,1578,38041
"2021-09-19",Wholesale,7964,5465,54,8076
"2020-11-22",Discounts,3646,9922,263,4865
"2021-05-24",Promos,2176,8707,122,2883
"2021-09-16",Electronics,4438,12627,235,3381
"2022-02-14",Trendy,797,33804,164,1725
"2021-06-01",Promos,1346,2186,66,1199
"2022-03-22",Expansion,108577,73632,760,135567
"2022-04-12",Expansion,231441,148693,1749,268780
"2021-05-18",Lookalike,25797,88768,1379,33101
"2021-04-08",Brand,895,4783,16,1209
"2021-12-29",Wholesale,10677,23014,73,11945
"2021-08-02",Crazy discounts,3937,20823,420,4415
"2020-12-30",Brand,1605,7850,3,1940
"2020-12-29",Brand,1714,13658,8,1450
"2021-08-08",Brand,579,16221,6,446
"2021-10-29",Lookalike,14222,46935,617,17931
"2021-05-27",Electronics,2788,13463,90,3394
"2021-10-16",Crazy discounts,1810,8091,71,2329
"2021-07-18",Lookalike,63471,194372,1001,57815
"2022-05-18",Expansion,61359,56079,301,71146
"2020-12-27",Brand,3476,37577,36,4270
"2022-01-13",Trendy,711,31288,119,811
"2021-05-13",Electronics,14539,14178,289,20553
"2021-08-04",Wholesale,23528,24084,332,24754
"2021-07-06",Electronics,4704,35468,446,5984
"2021-08-20",Promos,8263,10526,197,14187
"2021-07-30",Promos,1128,13848,34,1531
"2022-04-29",Expansion,34204,14399,125,41551
"2020-11-16",Discounts,6927,30114,1365,6846
"2021-09-18",Promos,16443,61700,467,29775
"2022-05-14",Hobbies,15262,128896,830,20862
"2020-12-01",Discounts,879,17468,463,1354
"2022-04-23",Hobbies,27895,195318,1442,30454
"2021-02-06",Discounts,2770,14972,302,2492
"2021-11-22",Brand,38,361,1,35
"2021-10-17",Crazy discounts,2796,5993,99,3356
"2021-02-17",Discounts,2618,13862,236,2621
"2021-05-03",Electronics,13596,118949,674,21088
"2021-09-14",Promos,13380,34854,311,18657
"2021-05-03",Promos,1629,17052,154,1724
"2021-08-12",Electronics,64705,114288,1430,97818
"2021-09-15",Lookalike,39903,65388,614,66374
"2021-04-24",Promos,1139,8829,68,1237
"2021-06-11",Electronics,5269,12968,124,7045
"2021-09-14",Brand,173,15498,5,130
"2021-11-26",Lookalike,20222,77443,779,23919
"2021-06-02",Promos,6030,15935,346,8625
"2020-12-25",Brand,1099,5520,6,1691
"2021-06-26",Brand,439,8789,8,439
"2021-06-29",Promos,2091,25573,77,2930
"2021-06-11",Promos,6595,25320,191,10010
"2022-01-02",Wholesale,0,0,0,0
"2021-10-28",Wholesale,3605,14068,80,4127
"2021-01-04",Discounts,7006,22440,1256,6847
"2021-10-06",Lookalike,36313,126052,800,39438
"2021-07-29",Crazy discounts,3871,30702,317,3939
"2021-07-09",Wholesale,24917,46866,390,23810
"2021-07-08",Brand,482,6192,5,475
"2021-07-12",Promos,11308,29429,97,15207
"2021-09-08",Crazy discounts,558,10732,71,600
"2021-08-11",New items,1445,6130,42,1704
"2021-09-06",Wholesale,14752,46121,271,19271
"2021-05-26",Promos,4025,15444,88,5112
"2021-07-24",Wholesale,27115,56372,195,34143
"2021-01-08",Brand,322,1735,2,500
"2021-04-29",Promos,2280,13322,67,2391
"2021-01-03",Discounts,4211,12160,785,5815
"2021-10-20",Wholesale,9605,20235,75,11002
"2021-02-05",Discounts,2361,11049,359,2131
"2021-10-01",Lookalike,25400,30311,357,38715
"2021-10-03",Lookalike,17147,73797,1121,18889
"2022-05-11",Hobbies,16711,165878,488,24685
"2022-04-01",Expansion,114296,117601,1817,108566
"2021-07-25",Wholesale,17131,34276,196,21160
"2021-05-11",Electronics,12836,57750,368,12451
"2021-02-10",Discounts,4357,11833,219,5499
"2022-05-04",Hobbies,22986,120756,700,18830
"2021-10-23",Lookalike,18902,97287,1021,22181
"2021-06-12",Promos,4471,6780,66,5297
"2021-07-20",Electronics,25976,196746,1451,23617
"2021-11-10",Lookalike,5684,74599,904,5518
"2021-01-11",Discounts,2846,18584,650,3244
"2021-12-30",Trendy,3192,8833,58,6367
"2021-06-25",Brand,215,11675,3,365
"2021-08-02",Wholesale,13682,35751,196,18367
"2022-06-04",Expansion,33532,15718,118,43504
"2021-07-24",Electronics,48920,64767,1279,68319
"2021-06-24",New items,4997,13667,80,6164
"2021-11-29",Wholesale,10053,26154,139,12347
"2022-04-11",Expansion,263432,111135,1792,379651
"2021-08-06",Lookalike,41252,73544,1688,59745
"2021-06-20",Crazy discounts,1085,6741,302,876
"2021-10-07",Wholesale,3472,10601,46,4904
"2022-01-28",Trendy,1927,4607,147,2877
"2021-09-27",Crazy discounts,3631,16437,161,4237
"2021-08-18",New items,2661,11814,386,2305
"2021-06-03",Lookalike,21614,224487,563,30345
"2021-05-30",New items,6710,22596,341,9518
"2021-06-30",New items,4054,14051,154,2998
"2022-05-13",Expansion,40529,28617,156,48779
"2021-05-21",Electronics,3397,6657,107,3993
"2022-05-19",Hobbies,19340,144676,965,22373
"2021-09-12",Electronics,36254,167306,497,41510
"2021-06-23",Wholesale,7907,11027,158,9365
"2021-07-27",Crazy discounts,5464,17286,395,5349
"2022-04-05",Hobbies,11606,131154,1509,13758
"2022-05-01",Hobbies,33106,244861,1219,38210
"2022-04-03",Expansion,244590,147964,1089,354920
"2021-05-16",Lookalike,14241,60215,761,20183
"2021-10-21",Crazy discounts,630,6307,101,959
"2021-08-03",Electronics,15930,77477,886,13226
"2020-12-31",Brand,2655,5953,4,3110
"2022-05-27",Hobbies,33914,202766,825,45173
"2021-05-18",New items,1604,7497,122,1633
"2022-04-08",Expansion,223008,93856,1501,255646
"2022-07-10",Expansion,23434,11266,74,25462
"2021-10-16",Brand,65,131,0,66
"2022-01-27",Trendy,450,5092,66,591
"2021-10-23",Wholesale,7315,18647,115,7272
"2021-06-12",New items,8186,15454,259,10912
"2021-05-20",New items,5892,12487,127,8816
"2021-10-13",Lookalike,34720,46322,1389,51676
"2021-05-15",Electronics,937,7384,43,963
"2021-09-09",Promos,12013,41241,143,20187
"2021-08-13",Wholesale,11532,44900,290,14115
"2021-11-25",Wholesale,12479,12132,129,17948
"2021-07-30",New items,1193,2360,231,947
"2021-07-27",Promos,12283,44472,278,19024
"2021-08-13",Electronics,9178,111716,833,9649
"2021-10-21",Electronics,0,0,0,0
"2021-12-24",Lookalike,22021,43839,765,29041
"2021-06-11",Brand,226,11641,3,278
"2021-08-03",New items,3753,14489,90,4879
"2021-11-08",Wholesale,8211,20398,168,9196
"2021-11-28",Lookalike,34206,99732,614,29904
"2021-08-19",New items,7139,24513,287,11625
"2021-06-18",Promos,1902,8148,168,4089
"2021-01-24",Discounts,4472,11670,351,5253
"2022-06-30",Hobbies,19287,120339,407,27176
"2022-07-05",Hobbies,0,0,0,0
"2022-04-23",Expansion,70962,43861,124,79669
"2021-10-07",Crazy discounts,4144,14377,74,4795
"2021-07-27",Lookalike,49430,98849,509,82815
"2022-01-20",Trendy,0,0,0,0
"2021-05-29",Electronics,1578,6617,50,1545
"2021-06-04",Electronics,903,14305,84,1192
"2020-12-18",Discounts,3471,19745,396,4272
"2020-12-23",Discounts,548,5361,62,625
"2021-06-09",Brand,1281,19204,8,2051
"2021-05-19",New items,4597,11806,145,6455
"2021-11-19",Wholesale,7933,13051,64,8665
"2020-12-17",Discounts,3741,13730,356,3819
"2022-05-30",Hobbies,28630,105203,623,30290
"2022-03-30",Expansion,193198,137188,1496,212958
"2022-04-16",Expansion,247275,136230,2055,293723
"2021-07-06",New items,5729,22797,200,6309
"2022-05-22",Expansion,32058,32274,190,51700
"2021-12-16",Trendy,3373,12714,258,5962
"2021-10-27",Wholesale,5433,9688,67,5069
"2021-07-31",New items,2828,27341,100,3548
"2021-10-20",Electronics,0,0,0,0
"2021-01-30",Discounts,2077,3945,96,3310
"2021-09-11",Lookalike,22057,56419,138,25097
"2021-07-09",Promos,5430,19484,159,7947
"2021-12-22",Trendy,2125,10360,38,3690
"2020-11-15",Discounts,1380,17675,787,2096
"2021-12-21",Wholesale,6115,18939,106,7063
"2021-01-22",Discounts,3833,7511,419,4801
"2021-08-13",New items,8013,26911,555,10580
"2021-10-10",Lookalike,18277,121658,822,20259
"2021-09-04",Crazy discounts,3292,13000,335,3713
"2021-08-05",New items,2608,9704,50,4206
"2021-06-19",Lookalike,36177,146096,1068,59811
"2021-10-24",Lookalike,29566,79380,761,24996
"2021-08-02",Electronics,31024,143782,828,42169
"2022-05-05",Hobbies,31443,133053,603,34342
"2021-10-09",Crazy discounts,3132,13944,273,2935
"2021-11-13",Brand,280,10708,2,347
"2021-06-10",Crazy discounts,1929,12198,366,1747
"2022-01-11",Trendy,1146,32720,32,2850
"2021-07-17",Crazy discounts,5566,26504,367,5289
"2022-02-02",Trendy,813,5202,23,1190
"2021-04-24",Electronics,7372,42140,120,6511
"2021-08-30",Wholesale,20412,36310,335,18771
"2021-05-26",New items,3966,12088,61,2974
"2021-06-14",New items,7075,15277,116,5631
"2021-09-12",Promos,15145,46522,253,20434
"2022-03-19",Expansion,74304,41332,325,103609
"2022-03-21",Expansion,102804,119982,1483,116985
"2021-07-02",Promos,5937,39778,467,7583
"2021-04-22",Electronics,15621,42024,838,21486
"2022-04-04",Hobbies,13140,119543,1686,19091
"2021-08-25",New items,1937,5713,183,2776
"2021-07-31",Lookalike,27641,40289,1399,26350
"2021-09-13",Brand,132,11505,1,153
"2021-06-26",New items,3977,7520,389,3851
"2021-07-18",Promos,6289,20585,103,8161
"2021-08-21",Promos,3134,31247,171,6362
"2020-11-26",Discounts,1423,8790,185,1711
"2022-06-05",Expansion,87330,43299,212,101738
"2021-08-29",Promos,14738,18018,388,24449
"2021-06-30",Crazy discounts,5085,17947,102,5036
"2022-06-24",Hobbies,15573,71947,409,15802
"2021-06-28",Wholesale,9537,10854,91,10040
"2022-10-31",Expansion,36898,12976,87,39658
"2021-08-10",New items,1738,9538,67,2803
"2022-06-16",Expansion,51249,27881,170,64110
"2021-09-10",Lookalike,26661,75473,560,22187
"2021-06-27",Brand,126,2665,3,161
"2021-02-02",Discounts,3698,3864,196,4954
"2021-12-21",Lookalike,46777,89480,316,52409
"2021-07-08",Wholesale,18371,46632,403,20494
"2022-06-03",Expansion,39089,11090,87,39201
"2021-09-15",Brand,649,17004,20,652
"2021-06-25",Crazy discounts,1662,19582,126,1699
"2021-05-16",New items,4979,14379,480,4850
"2022-02-11",Trendy,2699,6987,129,5454
"2021-10-14",Lookalike,20233,33176,1177,32649
"2021-06-04",Promos,5970,25341,164,9618
"2021-08-03",Brand,640,15864,4,1049
"2022-05-29",Expansion,49416,23002,40,46402
"2021-12-11",Wholesale,7668,13157,126,8891
"2021-08-05",Crazy discounts,969,17054,306,1284
"2021-11-13",Lookalike,33288,92587,803,37843
"2021-08-09",Wholesale,13230,33895,228,20709
"2021-11-19",Trendy,797,2433,83,1424
"2021-06-04",Lookalike,78599,141078,1790,125718
"2022-06-14",Expansion,48923,10411,116,67204
"2021-12-18",Lookalike,24713,86624,574,31790
"2021-08-31",New items,0,0,0,0
"2021-10-08",Electronics,28444,64318,264,26429
"2021-06-06",Promos,6550,29996,220,6796
"2021-07-22",New items,1367,9249,272,1635
"2021-08-06",Electronics,51706,98667,795,64991
"2021-08-11",Lookalike,34434,101038,1178,30269
"2021-07-05",Wholesale,8790,5814,86,8565
"2021-05-25",Promos,2511,6224,50,5027
"2021-08-05",Lookalike,35695,133513,742,49716
"2021-08-19",Promos,5320,14448,250,5761
"2021-09-20",Promos,9470,28418,347,10782
"2021-08-24",Electronics,19588,194527,835,29683
"2021-07-07",Wholesale,9237,24234,175,10002
"2022-06-12",Hobbies,33500,121763,447,41437
"2021-05-12",Promos,3843,17519,84,5312
"2021-08-31",Crazy discounts,790,11078,103,1340
"2021-08-17",Promos,7991,15682,149,10714
"2021-12-07",Trendy,1557,16100,78,3071
"2022-03-28",Hobbies,12767,173045,1678,15942
"2021-06-09",New items,3605,20085,325,4011
"2022-03-26",Expansion,130551,100190,727,136938
"2021-11-16",Wholesale,13082,17422,111,16114
"2021-10-04",Promos,3748,48991,308,6580
"2022-05-16",Hobbies,25882,161050,819,34005
"2021-07-16",Lookalike,16745,82741,1332,21824
"2020-12-13",Discounts,4787,13633,421,6173
"2021-05-11",Promos,1526,5442,61,3129
"2021-07-21",Electronics,16126,44709,1171,17500
"2021-06-18",Wholesale,12642,25737,415,16986
"2021-03-09",Brand,510,10350,22,560
"2021-09-13",Wholesale,20164,42204,294,27056
"2021-05-24",New items,1738,16877,221,1890
"2021-08-22",New items,12432,22128,346,14822
"2021-11-07",Lookalike,23990,94600,763,22944
"2021-07-08",Promos,2889,15785,19,3798
"2021-09-17",Crazy discounts,3494,21303,475,2703
"2021-08-01",Wholesale,20351,23043,216,22903
"2021-09-28",Electronics,35216,95945,449,41054
"2021-11-23",Lookalike,36079,66981,839,46300
"2021-02-28",Discounts,0,0,0,0
"2021-09-19",Crazy discounts,3008,22884,249,2857
"2021-12-19",Wholesale,7780,13849,40,9420
"2022-06-26",Expansion,61628,13316,124,102375
"2022-04-30",Hobbies,25688,124914,893,22187
"2022-02-17",Trendy,2232,4345,112,3088
"2021-05-18",Electronics,4055,12359,108,5100
"2022-07-01",Hobbies,12585,58167,314,17433
"2021-07-23",Crazy discounts,1578,34334,428,2051
"2021-08-30",Electronics,64091,121826,857,87912
"2021-09-01",Lookalike,6470,85045,431,8633
"2021-08-16",Promos,4193,23484,119,4743
"2021-06-06",New items,3894,9661,352,6378
"2021-09-07",Promos,6576,11811,180,7464
"2021-12-27",Lookalike,44113,87664,389,64171
"2021-09-30",Crazy discounts,2805,16156,114,3252
"2021-11-29",Trendy,1658,15976,134,3220
"2021-11-24",Trendy,415,2681,11,822
"2021-08-10",Wholesale,12172,60946,118,14744
"2021-08-31",Wholesale,4112,17393,229,5025
"2021-08-17",Lookalike,15354,45678,359,25861
"2021-07-24",Lookalike,55818,168764,766,83808
"2022-04-21",Hobbies,37883,279427,1617,51661
"2022-06-21",Expansion,92468,27159,228,109764
"2022-01-26",Trendy,2158,9485,104,2354
"2021-06-03",Electronics,1915,9626,98,2591
"2021-02-20",Discounts,8193,12903,372,11377
"2020-11-12",Discounts,2698,19777,656,2629
"2021-08-14",Crazy discounts,4616,23534,311,5258
"2021-06-13",Crazy discounts,2967,45717,184,4002
"2021-01-19",Brand,85,502,0,122
"2021-09-10",Promos,3022,35890,240,4990
"2021-06-21",Crazy discounts,325,5631,54,296
"2021-10-18",Lookalike,20736,62568,885,28857
"2022-05-22",Hobbies,23160,103220,721,24354
"2021-10-05",Promos,4125,25708,164,7365
"2021-11-16",Trendy,2298,2360,60,4360
"2021-06-10",Brand,1167,20009,1,1824
"2022-05-09",Hobbies,15388,161033,642,16095
"2021-04-09",Brand,408,6849,3,600
"2021-07-02",New items,8161,20154,275,10800
"2022-07-03",Hobbies,0,0,0,0
"2021-12-12",Lookalike,31127,108768,1397,44361
"2022-06-25",Expansion,45307,30428,92,68298
"2022-05-21",Hobbies,39733,241471,837,51241
"2021-09-16",Wholesale,7834,10504,50,11421
"2021-07-13",Wholesale,18078,54408,265,18902
"2021-07-08",Lookalike,16219,57687,930,13011
"2021-10-19",Crazy discounts,709,5830,39,1171
"2022-02-23",Trendy,3400,43659,182,8069
"2021-07-11",Wholesale,22403,32844,414,20923
"2022-04-30",Expansion,80338,54539,54,109244
"2021-09-24",Promos,3397,47712,368,7004
"2021-06-17",Lookalike,13223,56926,1277,12939
"2021-08-06",Crazy discounts,3551,19086,897,3774
"2021-10-02",Electronics,26900,57626,439,36498
"2021-08-12",Promos,5724,23225,93,6481
"2021-05-21",New items,1056,11141,149,1339
"2021-01-20",Discounts,2861,15806,304,4062
"2021-09-25",Electronics,31121,45666,199,30283
"2020-12-11",Discounts,2839,5284,174,3105
"2021-11-01",Lookalike,4747,78168,965,6512
"2021-05-23",Electronics,4961,18909,91,6861
"2020-12-28",Discounts,3902,13215,155,5667
"2021-07-28",Promos,2739,5669,54,6593
"2021-12-02",Lookalike,22797,87895,905,24032
"2021-12-10",Trendy,1127,10886,63,1611
"2020-12-15",Discounts,5219,10849,206,6564
"2021-06-09",Promos,3866,16595,179,5573
"2021-12-28",Trendy,2716,17016,52,4843
"2021-02-12",Discounts,3002,7253,131,3975
"2022-05-06",Hobbies,26624,167678,1415,27135
"2021-09-20",Electronics,46801,143593,374,63606
"2021-08-31",Lookalike,22786,41901,841,32204
"2022-06-12",Expansion,69985,29424,104,58747
"2021-08-18",Crazy discounts,4106,29738,213,6394
"2021-09-06",Crazy discounts,1347,9229,155,1199
"2021-11-19",Brand,1354,19810,4,1066
"2021-03-13",Brand,81,3616,0,138
"2021-06-11",Lookalike,44548,128400,765,63909
"2021-10-10",Crazy discounts,4737,15517,134,3788
"2021-06-29",Electronics,6878,11929,175,7636
"2021-05-14",Lookalike,9768,22343,430,13637
"2021-06-02",Brand,289,10249,2,380
"2021-07-24",Crazy discounts,2538,48150,400,3221
"2021-05-23",Promos,2060,7712,52,1632
"2021-07-04",Electronics,9564,28149,118,11536
"2021-08-18",Lookalike,16189,29242,701,22280
"2022-06-09",Expansion,41174,23796,150,60208
"2022-03-29",Expansion,149836,35032,1530,208163
"2022-07-05",Expansion,60280,20576,242,93355
"2021-04-30",Promos,2979,21541,52,5853
"2020-12-04",Discounts,3346,7928,347,2998
"2021-12-03",Lookalike,44047,105100,758,41815
"2021-09-08",Lookalike,31293,67173,553,29006
"2021-07-29",Wholesale,10814,17678,90,15173
"2021-09-26",Promos,11366,9608,129,13977
"2021-01-18",Discounts,3487,45119,351,3279
"2021-06-27",Wholesale,11362,13230,156,14405
"2022-01-03",Lookalike,0,0,0,0
"2022-04-22",Hobbies,20862,197976,817,26704
"2021-07-23",New items,8465,34874,453,9688
"2021-10-25",Wholesale,8524,24016,109,9597
"2021-11-01",Wholesale,10862,17841,132,12455
"2021-08-27",Electronics,23456,98245,863,26387
"2021-08-01",Electronics,33303,49762,665,31221
"2021-09-12",Lookalike,8239,71246,182,12952
"2021-09-19",Lookalike,27979,109900,903,40954
"2021-10-12",Wholesale,18005,25402,136,19386
"2021-10-10",Wholesale,15815,13911,125,18397
"2021-05-30",Lookalike,123585,456481,4493,179271
"2021-07-22",Lookalike,37326,133929,1921,42991
"2021-12-01",Wholesale,6417,15180,105,6891
"2021-07-13",Promos,6784,5927,91,14026
"2020-12-08",Discounts,4652,10227,382,6460
"2021-11-23",Trendy,2593,10842,63,4632
"2022-07-09",Expansion,83169,36187,65,63225
"2021-07-19",Promos,7956,24350,183,9802
"2021-06-08",Promos,6782,31224,196,10549
"2021-09-07",Electronics,40008,66407,704,51634
"2021-09-03",Crazy discounts,3888,21562,506,5717
"2022-06-15",Hobbies,20824,53360,310,28899
"2022-06-28",Hobbies,19734,75830,507,22244
"2021-11-17",Lookalike,21751,94057,700,31300
"2021-07-04",New items,7578,13963,420,9751
"2021-05-29",Lookalike,87570,332925,1057,150365
"2020-11-18",Discounts,3702,20839,282,3946
"2021-11-08",Lookalike,14428,62790,716,18722
"2021-12-06",Trendy,1230,26680,85,1888
"2021-06-16",Lookalike,27326,49082,1377,24564
"2021-12-23",Trendy,1561,10593,62,2422
"2021-09-22",Lookalike,19504,46445,456,21821
"2021-06-24",Promos,2806,22773,155,5029
"2021-10-12",Crazy discounts,2470,13591,127,2544
"2021-12-02",Trendy,2634,22808,65,4578
"2022-02-12",Trendy,806,9780,197,1908
"2022-05-10",Expansion,179944,45654,1007,241390
"2021-03-11",Brand,920,25174,10,1219
"2021-07-19",Wholesale,27091,52122,194,33623
"2021-11-13",Wholesale,8144,12890,100,10644
"2021-09-07",Lookalike,13442,87936,468,14820
"2021-06-08",New items,2974,13219,233,3214
"2021-07-16",Promos,5446,6248,181,8692
"2021-05-08",Electronics,22309,86796,528,30575
"2020-12-20",Discounts,5114,7852,596,5225
"2021-05-02",Promos,1894,7099,49,2937
"2021-01-16",Brand,236,3134,3,338
"2022-05-28",Hobbies,30725,180528,803,33313
"2021-08-08",Promos,6092,14778,146,9298
"2021-06-22",Wholesale,6946,24335,110,7540
"2021-08-04",New items,3359,9172,85,5216
"2021-05-25",New items,4572,22691,389,5561
"2022-04-10",Expansion,165034,78383,1539,170007
"2021-05-28",Lookalike,8524,12656,62,8011
"2021-02-08",Discounts,1112,11472,226,1295
"2021-09-04",Lookalike,35921,74790,478,41557
"2021-09-08",Promos,11224,39714,347,13455
"2021-05-05",Promos,723,2792,37,906
"2021-01-16",Discounts,15690,87995,917,16590
"2022-03-26",Hobbies,5297,63752,1231,4860
"2021-04-25",Promos,4976,11436,183,8976
"2021-07-21",Promos,11501,30378,94,17470
"2021-07-10",Electronics,31183,22984,402,43830
"2021-06-06",Lookalike,15331,147252,305,15470
"2021-05-16",Promos,3138,22322,152,5385
"2021-10-21",Wholesale,10613,14291,142,12787
"2021-01-13",Brand,471,5507,2,491
"2021-04-21",Electronics,13615,66346,818,16438
"2021-07-15",Wholesale,30390,40787,328,42104
"2022-06-22",Expansion,26767,10213,22,39598
"2021-11-16",Lookalike,39469,100259,987,42675
"2022-01-10",Trendy,685,17826,151,900
"2021-10-05",Crazy discounts,1287,16656,174,1681
"2021-12-09",Wholesale,7807,18136,143,10241
"2021-10-21",Lookalike,36643,87268,1272,41741
"2021-09-17",Brand,1848,23747,37,3078
"2021-09-02",Lookalike,17446,78134,1123,23013
"2021-06-22",Electronics,2074,13601,65,2239
"2021-11-15",Wholesale,11056,15974,111,12976
"2021-07-28",Electronics,54818,184044,940,46048
"2021-07-05",Promos,5847,17130,243,13871
"2021-02-16",Discounts,2225,7960,47,3175
"2021-08-05",Wholesale,8756,42614,319,8022
"2021-07-21",Lookalike,51315,165356,2933,82771
"2021-06-08",Brand,710,18363,1,998
"2021-11-30",Wholesale,11910,24207,97,14975
"2022-04-09",Hobbies,8759,186676,1692,9672
"2022-06-04",Hobbies,12563,30852,246,14363
"2022-06-10",Expansion,26147,22099,50,33964
"2021-06-08",Lookalike,4580,9165,152,4089
"2021-10-06",Promos,0,0,0,0
"2021-06-10",Electronics,2185,11718,93,3447
"2021-11-17",Trendy,3194,7903,83,4925
"2021-06-21",Wholesale,7554,19092,179,9934
"2022-04-19",Expansion,200657,94500,1693,284426
"2021-10-02",Wholesale,13143,32944,136,17986
"2021-09-10",Wholesale,18234,30115,159,18281
"2021-09-14",Electronics,55103,78934,1227,61205
"2021-12-31",Trendy,882,25345,63,1632
"2021-08-19",Wholesale,21830,58130,189,21820
"2021-10-08",Wholesale,10156,19276,124,13448
"2021-08-20",Electronics,63184,90750,740,74440
"2021-08-03",Crazy discounts,2758,26426,256,2066
"2021-11-10",Brand,717,15341,6,940
"2021-10-09",Lookalike,41538,85558,610,33220
"2021-11-26",Trendy,3327,5695,102,5307
"2021-08-24",Crazy discounts,3132,21531,493,4373
"2021-06-02",Lookalike,77106,319834,3677,79652
"2021-09-09",Lookalike,19769,70877,426,20398
"2021-06-26",Lookalike,28759,76543,539,36238
"2021-06-30",Promos,5532,24712,36,5968
"2021-11-10",Wholesale,8913,10029,84,10721
"2022-04-15",Hobbies,15370,131299,972,19411
"2021-06-27",New items,5229,15135,218,8046
"2021-08-19",Electronics,15258,141516,766,23338
"2021-06-17",Crazy discounts,2844,9910,169,3702
"2021-09-25",Promos,15616,50129,336,17131
"2021-06-25",New items,3137,14627,244,3934
"2021-09-09",Wholesale,7519,8962,152,8029
"2021-07-29",Promos,8167,28269,181,11258
"2021-06-29",Lookalike,38441,34404,1956,51790
"2021-07-14",Promos,6770,15096,114,10337
"2021-07-05",Crazy discounts,2462,24345,405,2823
"2022-07-02",Expansion,99650,28822,50,97253
"2021-11-03",Lookalike,20865,119431,786,26797
"2021-11-27",Wholesale,7341,17285,74,10765
"2021-06-02",New items,7984,26307,239,10721
"2021-06-29",New items,3713,13798,382,4957
"2021-01-31",Discounts,2547,11181,151,2640
"2021-08-27",Promos,9293,55875,335,16487
"2021-07-20",Wholesale,20893,45970,214,26661
"2021-10-08",Lookalike,26504,99614,392,35654
"2021-05-23",New items,2271,13437,196,2107
"2020-12-27",Discounts,4780,10970,775,6885
"2021-08-09",Crazy discounts,1990,5968,333,3230
"2021-09-25",Crazy discounts,1918,19333,316,2922
"2021-08-10",Lookalike,33145,131586,844,35069
"2021-08-21",Wholesale,18853,61528,230,21688
"2022-06-26",Hobbies,9669,34900,341,9466
"2021-08-28",Crazy discounts,5159,21438,414,5391
"2021-07-15",Crazy discounts,2521,14894,419,3381
"2021-06-19",Crazy discounts,2965,15248,433,4224
"2021-01-07",Discounts,18387,136428,3006,24315
"2021-08-24",Wholesale,17562,23555,195,18754
"2021-11-12",Wholesale,6206,4548,49,7003
"2022-02-20",Trendy,1033,20064,142,1737
"2021-12-10",Lookalike,22776,81195,727,35282
"2021-09-28",Lookalike,31126,55695,515,44503
"2021-08-10",Promos,7117,42273,197,8423
"2021-08-11",Electronics,50420,177401,1241,76896
"2022-06-11",Expansion,85507,30719,134,84174
"2021-09-11",Electronics,30028,99725,444,31752
"2021-11-20",Wholesale,5142,11903,55,5851
"2021-06-16",Promos,8767,35682,275,11014
"2021-07-11",Electronics,12506,33351,326,12443
"2021-12-27",Wholesale,6462,18718,96,7388
"2021-09-29",Electronics,13248,39496,202,15404
"2022-05-02",Hobbies,34142,157192,997,38488
"2021-08-25",Wholesale,17026,33812,268,16399
"2022-01-02",Lookalike,0,0,0,0
"2021-06-17",Electronics,1871,11891,110,2365
"2022-04-25",Hobbies,35294,280761,1387,39643
"2021-06-12",Electronics,1114,3269,71,1568
"2021-06-21",Electronics,5472,14197,84,4662
"2021-07-18",Crazy discounts,3216,28477,485,2966
"2022-07-07",Expansion,36203,3797,134,30496
"2021-06-12",Crazy discounts,733,22286,118,995
"2021-08-17",Electronics,68456,224013,916,107953
"2021-12-02",Wholesale,5571,8189,84,7313
"2021-06-25",Wholesale,7909,11002,114,11772
"2022-01-16",Trendy,3511,26504,79,8419
"2021-04-20",Electronics,26835,74118,972,24459
"2021-05-06",Electronics,15810,87847,181,20863
"2021-11-27",Trendy,2422,9167,80,5345
"2021-07-14",New items,2972,24187,212,4501
"2021-08-24",Lookalike,12067,118711,1445,12037
"2021-12-22",Wholesale,7040,16258,64,8037
"2021-11-06",Lookalike,13614,63053,1271,15638
"2022-01-14",Trendy,1894,9045,168,3738
"2021-10-19",Lookalike,31817,113888,723,42649
"2021-08-29",Electronics,35535,92224,850,54904
"2021-08-27",Wholesale,20637,36320,387,25696
"2021-11-28",Trendy,1513,3488,33,2996
"2021-08-14",Electronics,6623,92507,420,5045
"2022-04-14",Expansion,189167,87557,1164,272138
"2021-06-18",New items,2769,37504,456,2477
"2021-10-26",Wholesale,6520,12533,117,8554
"2021-12-25",Lookalike,33236,49734,197,44325
"2021-10-17",Wholesale,15577,26274,95,19283
"2021-06-05",Electronics,3988,10423,43,3954
"2021-05-26",Lookalike,40473,297353,1602,47810
"2021-07-12",Lookalike,34492,139163,1527,51531
"2021-09-16",Brand,1173,19546,53,1702
"2021-10-19",Electronics,0,0,0,0
"2021-11-14",Trendy,2029,10259,184,4387
"2021-04-17",Electronics,6244,30333,146,6210
"2021-04-26",Promos,2943,21820,65,3759
"2021-06-01",Brand,1167,5621,4,1877
"2022-07-11",Expansion,11867,8150,79,11217
"2021-09-18",Wholesale,11246,34268,120,13744
"2021-01-19",Discounts,1120,6891,186,1402
"2021-08-10",Crazy discounts,2597,6001,186,4098
"2021-08-17",New items,6153,26702,453,7239
"2021-04-27",Electronics,9524,12684,264,9655
"2021-11-07",Wholesale,9739,18681,221,12221
"2022-03-28",Expansion,169711,84987,1931,245547
"2021-12-04",Trendy,529,2214,48,1074
"2021-11-18",Trendy,2294,10455,156,4798
"2022-04-26",Hobbies,27685,244012,1147,29111
"2022-06-09",Hobbies,21175,94902,622,20223
"2021-08-18",Promos,6371,16655,122,11779
"2021-10-11",Crazy discounts,4661,20918,88,6117
"2021-07-19",Electronics,42153,106308,1026,58768
"2021-08-22",Lookalike,12500,124278,1321,15604
"2021-06-23",Lookalike,2878,5400,104,3317
"2022-07-06",Expansion,113346,20109,62,106019
"2022-06-29",Hobbies,15617,83491,396,15304
"2021-06-25",Promos,4004,38138,284,4664
"2021-07-24",Promos,1201,23463,130,2239
"2022-02-07",Trendy,1602,20425,174,2999
"2021-07-01",Lookalike,51149,66934,1540,75265
"2021-12-24",Wholesale,7004,12539,59,9733
"2021-06-01",New items,881,16019,315,1346
"2021-01-24",Brand,29,239,0,32
"2021-10-15",Lookalike,16862,72219,530,25187
"2021-10-03",Crazy discounts,1240,8292,78,1579
"2021-11-22",Wholesale,4315,9573,49,4007
"2021-10-27",Lookalike,14193,58306,920,18624
"2021-07-10",Crazy discounts,4160,28497,217,6795
"2021-08-20",Wholesale,11309,59279,180,11177
"2021-07-21",New items,5924,7678,144,4197
"2021-06-15",Electronics,381,6700,92,407
"2021-08-28",Electronics,61478,178581,1500,72132
"2021-07-29",Electronics,43189,94746,590,46341
"2022-01-06",Trendy,3800,26336,206,8735
"2021-10-03",Promos,26433,91483,342,29010
"2021-11-09",Lookalike,16603,51623,109,21972
"2021-09-08",Wholesale,15276,33697,131,18206
"2022-04-27",Expansion,32847,19540,201,44798
"2022-05-24",Hobbies,34526,197130,899,39551
"2021-07-06",Lookalike,26960,85918,1265,33534
"2021-02-21",Discounts,3835,6287,445,6298
"2021-05-09",Electronics,7983,42770,138,13366
"2021-07-26",Wholesale,12040,27717,297,12968
"2021-09-21",Wholesale,9234,27638,90,10999
"2021-07-30",Electronics,32560,63259,456,33151
"2022-05-20",Expansion,87121,50102,164,100731
"2022-06-27",Hobbies,9305,140972,443,14417
"2021-07-05",New items,4787,18737,210,6463
"2021-12-11",Lookalike,23307,82903,1319,25646
"2021-07-01",Electronics,20139,27354,367,23397
"2021-06-09",Crazy discounts,1416,14791,58,2112
"2022-05-14",Expansion,61648,29090,128,81453
"2021-08-10",Brand,682,11879,2,748
"2021-09-15",Wholesale,7544,8620,69,9000
"2021-10-13",Electronics,21094,42727,333,33226
"2021-08-11",Crazy discounts,4993,20276,139,6344
"2021-01-18",Brand,386,3072,0,410
"2021-05-17",New items,7701,23896,220,9370
"2022-05-23",Hobbies,30533,205553,880,38520
"2021-09-26",Wholesale,15356,22678,83,21999
"2021-09-10",Crazy discounts,3229,20868,153,3470
"2021-10-13",Crazy discounts,1521,3867,24,2415
"2021-06-20",New items,2652,17979,280,3987
"2021-01-23",Brand,235,541,0,176
"2022-01-15",Trendy,2934,13238,55,5689
"2021-10-14",Brand,20,123,0,26
"2021-06-08",Electronics,3361,10537,40,4934
"2021-08-23",Electronics,35226,40279,797,30196
"2021-07-31",Crazy discounts,3284,12609,481,2849
"2020-12-22",Discounts,3722,8472,548,4587
"2021-09-13",Crazy discounts,3189,13570,199,4744
"2021-12-20",Wholesale,6238,12935,50,8538
"2022-04-07",Hobbies,19460,159334,1520,24855
"2021-07-22",Wholesale,19175,44239,454,22935
"2021-09-29",Wholesale,6114,12951,81,8606
"2021-12-28",Wholesale,10002,24911,87,12825
"2021-05-14",Promos,2044,3982,52,4704
"2022-05-11",Expansion,75643,47442,390,68602
"2021-10-22",Electronics,0,0,0,0
"2021-07-23",Promos,3677,15439,165,6996
"2021-06-26",Promos,8095,40958,269,12805
"2020-12-25",Discounts,2049,3884,57,3297
"2021-08-13",Brand,287,6717,3,236
"2022-01-07",Trendy,2891,41669,224,7102
"2021-06-27",Promos,8163,27332,208,12645
"2021-11-18",Brand,1756,17118,14,1793
"2021-09-05",Crazy discounts,1475,3274,165,1336
"2021-08-03",Promos,5020,11447,104,7294
"2021-07-09",New items,6986,33899,195,7263
"2021-05-10",Electronics,17305,78661,406,19902
"2021-07-18",Electronics,40221,82876,796,46511
"2021-09-24",Lookalike,20443,44136,543,29404
"2021-01-01",Brand,144,539,0,207
"2021-06-23",Promos,4442,14998,153,8733
"2021-06-05",Promos,4633,28448,155,4819
"2021-08-22",Promos,4458,12923,124,5171
"2020-12-12",Discounts,5326,18463,241,5683
"2022-01-04",Trendy,964,30504,100,2117
"2021-07-03",New items,6688,18583,467,7546
"2021-01-14",Brand,72,1035,0,76
"2021-10-06",Crazy discounts,963,11111,151,1019
"2021-08-25",Lookalike,26875,92696,355,21776
"2021-07-09",Crazy discounts,6349,23080,293,9381
"2021-11-14",Brand,513,7520,3,434
"2021-09-17",Lookalike,21015,78503,776,35162
"2022-05-06",Expansion,59288,34769,196,76991
"2022-01-05",Wholesale,0,0,0,0
"2021-07-21",Crazy discounts,2916,14117,302,2673
"2021-09-18",Lookalike,36790,49650,214,39020
"2021-07-13",Electronics,8074,25299,773,7570
"2021-01-01",Discounts,0,0,0,0
"2021-05-20",Electronics,3987,5178,96,4331
"2021-11-21",Lookalike,22045,128606,1579,22320
"2021-05-27",New items,3635,9739,51,3798
"2021-02-24",Discounts,7568,23166,209,7941
"2021-11-21",Trendy,1734,8082,65,3372
"2021-07-31",Electronics,13739,94422,158,15424
"2021-01-12",Brand,656,2077,6,854
"2022-04-27",Hobbies,42931,269917,1406,50554
"2021-12-08",Wholesale,8244,16345,79,8947
"2021-08-19",Crazy discounts,3259,24899,75,4055
"2021-05-31",Promos,1661,2207,106,1733
"2021-06-28",Crazy discounts,5320,9363,297,5688
"2021-06-12",Brand,149,8688,5,155
"2021-08-10",Electronics,11214,106771,830,10262
"2021-01-28",Brand,109,2361,3,110
"2021-10-04",Lookalike,19490,44715,307,18247
"2022-05-24",Expansion,41350,48497,122,47474
"2021-08-24",New items,8915,31003,259,8786
"2021-10-24",Crazy discounts,2697,4199,76,3824
"2021-09-02",Promos,6585,30663,508,8063
"2021-11-09",Wholesale,7185,12444,48,6895
"2021-08-21",Crazy discounts,1650,18086,311,2819
"2022-04-26",Expansion,66523,36403,220,62560
"2022-05-03",Hobbies,35329,241216,1333,43159
"2021-06-14",Crazy discounts,2577,15290,463,3355
"2021-04-28",Electronics,5422,42275,59,4154
"2021-08-27",Lookalike,25539,80692,436,25685
"2021-01-17",Brand,41,728,0,55
"2021-08-12",Crazy discounts,2265,15420,105,3718
"2021-12-14",Wholesale,7082,13686,78,8139
"2021-06-01",Electronics,1291,11018,49,1269
"2021-05-28",Promos,2027,17507,63,3702
"2022-01-02",Trendy,2988,8208,140,5438
"2021-06-21",Promos,5453,5082,193,7125
"2021-01-10",Discounts,4387,18728,1444,6002
"2021-09-30",Wholesale,12043,22507,145,15811
"2022-06-20",Hobbies,17780,105060,312,22878
"2021-04-16",Electronics,17571,51348,774,20355
"2022-05-28",Expansion,65249,21380,228,92302
"2021-07-11",New items,8062,22515,428,7991
"2021-11-24",Lookalike,38298,74518,538,40058
"2021-06-25",Lookalike,49394,74203,943,42017
"2021-09-08",Electronics,31305,127916,119,32491
"2021-07-10",Promos,10094,23391,138,10452
"2021-11-30",Trendy,1587,11245,37,2683
"2021-01-23",Discounts,711,12488,176,710
"2021-09-23",Electronics,31880,54602,338,38918
"2022-04-07",Expansion,195090,97223,1276,206342
"2021-06-13",Promos,1473,5307,47,2296
"2021-11-30",Lookalike,15958,72748,912,27042
"2022-06-05",Hobbies,8257,60271,173,11513
"2021-05-23",Lookalike,74909,395421,6199,88435
"2021-04-19",Electronics,22842,106031,679,32138
"2021-08-07",New items,4106,22067,432,5632
"2021-07-29",Lookalike,32281,131756,767,33924
"2021-04-26",Electronics,22151,76143,342,33630
"2022-03-27",Expansion,158332,112926,1244,180834
"2022-06-08",Hobbies,14245,56951,285,13832
"2021-02-20",Brand,162,16058,6,222
"2022-01-09",Trendy,2850,32217,383,5873
"2022-01-29",Trendy,1804,15815,22,2477
"2021-06-19",Electronics,1233,6808,29,1329
"2021-09-18",Electronics,29384,103177,175,30755
"2021-09-28",Promos,12217,39666,383,19550
"2021-08-29",Wholesale,18627,44617,269,26052
"2021-07-17",New items,5656,12893,290,7330
"2022-06-02",Expansion,60701,53082,203,65607
"2022-03-29",Hobbies,9041,134407,1910,10721
"2021-05-01",Promos,1985,9767,51,4233
"2021-07-30",Wholesale,11999,39294,325,17170
"2021-10-04",Electronics,32140,40254,491,34527
"2021-06-23",Brand,100,1023,0,126
"2021-12-07",Wholesale,6781,23711,80,7348
"2021-06-05",Lookalike,39261,79388,1297,53484
"2021-06-20",Electronics,4107,9500,116,6813
"2022-04-18",Hobbies,17012,96950,554,21927
"2021-12-16",Lookalike,9953,99571,444,12692
"2021-01-08",Discounts,6101,32489,2639,8364
"2022-02-22",Trendy,957,30855,101,1123
"2021-07-01",New items,3652,26112,333,4420
"2021-06-14",Lookalike,18743,109115,1177,25944
"2022-06-27",Expansion,80991,50930,177,124229
"2021-09-23",Lookalike,20838,65324,451,34757
"2022-06-15",Expansion,52028,45293,113,57297
"2020-11-23",Discounts,4218,18754,163,6440
"2021-07-16",New items,6498,17697,190,8315
"2021-12-08",Lookalike,19523,33228,1011,26565
"2021-11-15",Trendy,1695,7416,157,2623
"2022-06-18",Expansion,54516,20841,50,56571
"2022-11-01",Expansion,0,0,0,0
"2021-07-08",Electronics,26859,38565,853,23609
"2021-07-29",New items,3058,13558,135,3040
"2021-06-04",New items,2533,7616,175,3793
"2021-08-17",Wholesale,18100,17000,320,19540
"2021-05-31",Lookalike,46660,396212,5479,55733
"2021-07-03",Wholesale,24098,41566,285,23896
"2021-07-06",Wholesale,16546,28555,182,18368
"2021-10-23",Crazy discounts,1228,5417,42,1338
"2020-12-29",Discounts,3797,12620,154,4479
"2021-12-12",Trendy,1277,15837,92,1739
"2022-02-19",Trendy,642,8206,133,702
"2022-04-04",Expansion,192741,126211,1872,237153
"2021-06-06",Brand,1189,7320,3,1884
"2021-07-03",Promos,7199,20594,361,11413
"2022-01-01",Wholesale,0,0,0,0
"2021-09-27",Wholesale,17472,19242,209,23634
"2022-01-01",Lookalike,0,0,0,0
"2020-12-19",Discounts,1610,21290,547,1825
"2021-03-07",Brand,649,7067,4,876
"2022-07-02",Hobbies,0,0,0,0
"2021-09-18",Crazy discounts,3529,19705,319,4129
"2021-09-25",Wholesale,9773,20626,96,11638
"2021-12-01",Trendy,3683,9687,51,6726
"2021-07-28",Lookalike,36030,76898,1236,55548
"2022-05-01",Expansion,65463,47231,170,63105
"2021-06-19",Promos,7397,30282,235,12527
"2020-11-13",Discounts,1690,18118,559,2334
"2021-12-31",Lookalike,14319,24699,194,13886
"2021-08-03",Wholesale,21710,48930,355,19104
"2021-10-26",Lookalike,21407,97506,732,27526
"2022-05-10",Hobbies,15038,93563,155,17196
"2021-09-09",Brand,417,7102,4,439
"2021-09-09",Crazy discounts,3343,21307,227,3790
"2022-04-28",Expansion,43248,15670,98,45401
"2022-06-17",Expansion,25764,24578,111,29583
"2021-09-04",Wholesale,17577,21921,92,20884
"2021-02-19",Discounts,2044,12933,258,1841
"2022-05-02",Expansion,55207,33290,96,58937
"2021-07-19",New items,7209,35651,348,10389
"2021-07-12",New items,4224,10344,87,4240
"2021-10-07",Electronics,10765,61469,228,14201
"2021-08-08",Electronics,43726,167379,1347,51657
"2022-06-16",Hobbies,7316,57422,277,9739
"2021-02-01",Discounts,4896,16266,172,5235
"2022-04-09",Expansion,363898,127996,1542,418150
"2021-05-30",Promos,4852,21878,139,6468
"2021-12-29",Lookalike,8670,12408,293,7228
"2021-07-01",Crazy discounts,1995,24964,254,2792
"2021-06-05",Brand,303,26022,6,502
"2021-01-15",Discounts,7599,49150,1180,13014
"2022-04-29",Hobbies,11819,127528,725,13113
"2021-11-14",Wholesale,6496,16291,64,9307
"2021-09-05",Wholesale,14987,34240,232,17147
"2021-08-15",Crazy discounts,4907,24491,199,7241
"2021-09-06",Electronics,25487,85563,672,34569
"2021-08-21",Electronics,42480,31572,658,60103
"2021-05-24",Electronics,3041,8893,48,4492
"2021-11-15",Lookalike,38743,116740,899,36578
"2021-08-08",New items,1282,14956,179,1466
"2021-09-06",Promos,15570,29450,463,19003
"2021-12-30",Wholesale,4029,11251,36,3533
"2021-11-25",Trendy,3000,8333,105,6674
"2022-04-03",Hobbies,4330,85724,776,4101
"2021-06-15",New items,5399,21108,134,8307
"2022-02-06",Trendy,578,11941,66,917
"2021-07-03",Lookalike,18787,189676,1388,27250
"2022-06-28",Expansion,79012,9076,29,69645
"2022-04-19",Hobbies,7306,87392,293,9157
"2021-02-27",Discounts,0,0,0,0
"2021-12-13",Lookalike,2928,9763,93,2984
"2022-04-28",Hobbies,26208,352013,934,37851
"2021-02-09",Discounts,2741,12795,192,3206
"2021-05-24",Lookalike,14392,16209,182,19693
"2021-12-19",Trendy,10950,18651,198,25939
"2021-12-13",Wholesale,8396,11798,120,10313
"2021-06-09",Electronics,2164,4859,130,3022
"2021-09-29",Crazy discounts,5412,7308,75,4450
"2022-04-02",Expansion,266927,109415,1509,306108
"2021-05-08",Promos,4033,15296,101,6096
"2022-01-30",Trendy,998,6179,93,1984
"2021-08-26",Wholesale,9257,43245,326,11738
"2021-09-17",Promos,7212,27453,43,8055
"2021-12-10",Wholesale,6139,20475,80,7787
"2021-11-22",Trendy,2307,6712,117,4930
"2021-11-13",Trendy,2120,9354,77,4790
"2022-06-22",Hobbies,19902,121632,230,27975
"2022-05-31",Expansion,72317,57333,166,112327
"2022-11-05",Expansion,0,0,0,0
"2021-01-13",Discounts,15209,72639,2458,19054
"2021-03-10",Brand,702,7257,4,590
"2022-06-02",Hobbies,11740,73558,293,16161
"2022-05-15",Expansion,53543,61553,133,77934
"2021-05-28",Electronics,5711,9364,128,5493
"2021-10-15",Wholesale,10992,21604,84,12832
"2021-05-12",New items,1925,4733,110,1934
"2021-09-12",Crazy discounts,2282,18643,539,2050
"2021-06-07",Brand,62,5179,5,69
"2022-04-17",Hobbies,29082,247219,1428,36671
"2021-12-23",Lookalike,36306,64241,341,45010
"2021-11-02",Wholesale,7000,13192,110,5944
"2021-12-09",Lookalike,42250,110960,988,41011
"2021-06-27",Electronics,4895,16395,158,6999
"2020-12-14",Discounts,1598,11581,142,1589
"2021-12-05",Wholesale,5812,18112,95,7148
"2022-06-11",Hobbies,17703,98538,405,20902
"2021-08-23",Wholesale,16584,36036,267,20747
"2021-08-28",New items,0,0,0,0
"2021-07-10",Lookalike,2413,9017,193,1895
"2022-06-13",Hobbies,16438,47761,465,22095
"2022-04-14",Hobbies,11432,162057,1382,17870
"2021-08-02",New items,3279,7803,218,3901
"2021-11-27",Lookalike,12430,33843,291,17605
"2021-07-22",Crazy discounts,1196,7535,155,1724
"2021-06-24",Crazy discounts,3037,24097,383,3500
"2021-06-03",New items,4739,16250,401,4600
"2021-07-27",Wholesale,13169,20630,248,14802
"2021-08-18",Wholesale,13653,35201,62,17319
"2021-10-11",Lookalike,27506,56258,732,40511
"2021-08-04",Promos,2914,24364,153,4217
"2021-06-01",Lookalike,25253,70366,935,37154
"2021-09-21",Crazy discounts,3100,12626,102,4525
"2021-08-11",Brand,783,8374,5,602
"2021-11-21",Wholesale,6209,11054,65,7948
"2021-10-15",Brand,129,55,0,222
"2021-10-14",Wholesale,19363,23448,122,23832
"2021-07-01",Promos,1729,22873,223,2090
"2022-06-08",Expansion,63902,34212,178,74889
"2021-08-14",Wholesale,9823,38330,134,11758
"2021-12-17",Wholesale,6985,12975,107,8948
"2021-02-19",Brand,82,17157,4,130
"2021-06-28",Electronics,9635,23192,393,15601
"2021-08-03",Lookalike,28747,92539,561,36342
"2021-09-19",Electronics,20616,108569,666,25069
"2021-09-30",Lookalike,25563,67472,641,33593
"2021-10-17",Lookalike,19883,50329,619,26452
"2021-08-30",Crazy discounts,2693,7475,293,2702
"2021-08-07",Crazy discounts,5058,27401,585,5323
"2021-09-21",Promos,13786,11298,396,13895
"2021-05-22",Electronics,782,5198,39,690
"2021-12-16",Wholesale,10298,21300,92,14529
"2021-11-21",Brand,386,19644,18,431
"2021-11-05",Wholesale,4099,10088,128,4386
"2021-05-06",Promos,2396,2182,34,2133
"2021-10-20",Crazy discounts,1833,12312,81,2861
"2022-06-23",Expansion,34913,21503,242,49836
"2022-06-29",Expansion,70848,18220,104,80366
"2021-06-21",Lookalike,34414,167457,1188,29790
"2021-07-02",Crazy discounts,2895,42329,89,4636
"2021-06-21",New items,6761,17017,621,6810
"2021-07-24",New items,6078,20553,239,9015
"2021-06-28",Promos,9767,23902,154,16832
"2022-04-12",Hobbies,15592,150226,1308,21830
"2021-08-08",Wholesale,8329,30008,129,9896
"2021-11-25",Lookalike,25775,58888,1280,33118
"2021-05-07",Promos,2053,24424,84,3923
"2021-01-20",Brand,453,2130,3,482
"2021-09-22",Wholesale,5210,8818,82,6553
"2021-05-05",Electronics,12163,93814,336,17664
"2021-08-15",Brand,754,8837,1,1195
"2021-07-11",Promos,3527,11840,67,5825
"2021-09-20",Wholesale,11476,20472,314,16201
"2021-11-14",Lookalike,31219,137414,1421,49379
"2021-11-17",Brand,821,6901,2,914
"2021-01-22",Brand,194,3772,0,260
"2021-09-15",Electronics,70343,24071,415,77907
"2021-06-12",Lookalike,28953,83600,484,22452
"2021-04-25",Electronics,12020,33747,64,17466
"2021-09-11",Promos,16576,54256,309,29769
"2022-02-24",Trendy,734,6302,10,1157
"2022-01-04",Wholesale,0,0,0,0
"2022-06-19",Expansion,90114,38589,55,145984
"2021-07-07",Electronics,42054,63502,275,41192
"2021-12-15",Lookalike,21728,109282,519,29079
"2021-07-14",Lookalike,17293,84177,427,19503
"2021-09-01",Electronics,56567,213899,1496,90254
"2021-08-14",Lookalike,25845,110907,509,37425
"2021-04-18",Electronics,19540,84060,716,17733
"2021-01-29",Discounts,996,8466,144,1282
"2021-07-19",Crazy discounts,1175,13161,166,1763
"2021-07-27",New items,7785,16604,478,10168
"2021-08-22",Electronics,55320,212716,1471,50859
"2020-11-30",Discounts,3984,17746,320,6794
"2021-01-28",Discounts,3130,18741,216,3334
"2021-06-05",New items,1287,6174,168,1355
"2021-08-16",Lookalike,11355,169601,1940,11121
"2021-02-22",Brand,184,3679,0,169
"2021-09-10",Electronics,63763,110410,478,53403
"2021-07-31",Wholesale,22232,22396,329,27076
"2021-09-26",Crazy discounts,1620,11584,367,1365
"2021-09-29",Promos,17051,63367,605,18328
"2021-01-02",Discounts,2703,15884,736,2151
"2021-06-06",Electronics,5531,10288,89,7012
"2021-09-03",Lookalike,15438,54706,412,24591
"2021-08-24",Promos,2130,25998,198,1687
"2021-08-02",Brand,603,7522,11,494
"2021-07-02",Lookalike,45309,97476,662,51436
"2021-09-23",Crazy discounts,4395,12427,232,6873
"2021-06-29",Wholesale,8027,9229,116,9722
"2022-03-25",Expansion,170345,100706,1897,184795
"2021-06-11",New items,7052,24812,134,10623
"2021-09-01",Promos,12891,44264,495,23461
"2021-05-26",Electronics,2233,1140,78,2107
"2021-06-02",Electronics,1998,10097,25,1865
"2021-12-26",Wholesale,12149,19396,92,12658
"2021-12-06",Wholesale,6838,34805,121,7868
"2021-10-09",Promos,0,0,0,0
"2021-06-23",New items,3610,13411,144,5524
"2022-04-10",Hobbies,15523,158818,744,18949
"2021-06-17",Wholesale,6994,8839,115,9879
"2021-08-01",Promos,3908,10525,40,6688
"2021-11-11",Lookalike,8591,78622,628,10288
"2021-08-09",New items,0,0,0,0
"2021-07-11",Crazy discounts,5563,19039,124,5418
"2020-12-26",Brand,3282,31132,24,3992
"2021-07-04",Promos,2801,7131,237,3850
"2021-01-21",Discounts,3339,14835,271,4032
"2021-08-22",Wholesale,13523,62211,314,14861
"2021-11-04",Lookalike,22398,61850,891,22209
"2021-05-07",Electronics,18602,103848,536,17384
"2021-12-24",Trendy,2031,7386,30,4045
"2021-04-15",Electronics,8731,63058,931,7422
"2021-09-20",Lookalike,29597,21703,320,28791
"2021-02-18",Discounts,4184,7527,248,4585
"2022-03-23",Expansion,181585,117982,951,202824
"2021-07-14",Electronics,16247,64629,964,15143
"2021-05-22",Promos,3978,9239,104,5087
"2021-12-19",Lookalike,14678,133537,602,18868
"2022-06-25",Hobbies,14333,72068,265,15091
"2021-02-15",Discounts,3311,18180,176,3917
"2021-09-09",Electronics,13566,116460,783,18448
"2021-08-09",Electronics,42826,88820,765,40885
"2021-05-29",New items,6880,11583,289,10347
"2021-02-21",Brand,168,3775,8,142
"2021-08-14",New items,9476,19284,375,9400
"2021-07-06",Crazy discounts,2510,38435,322,3331
"2022-06-21",Hobbies,12555,98237,499,14796
"2021-09-29",Lookalike,25349,59136,512,33294
"2021-11-12",Lookalike,39498,69813,981,48935
"2021-07-28",Wholesale,18700,50884,303,26124
"2021-11-20",Trendy,3574,6313,112,7837
"2021-10-13",Wholesale,14675,12630,101,17109
"2021-06-28",Lookalike,19329,101314,978,21448
"2021-11-11",Wholesale,8839,14564,59,10984
"2021-08-21",Lookalike,26298,52158,843,20868
"2021-07-02",Wholesale,5149,20673,122,4873
"2021-10-30",Lookalike,22710,45035,617,35918
"2021-12-26",Lookalike,15950,68495,465,25282
"2021-05-15",Promos,3954,17501,100,6020
"2021-08-13",Crazy discounts,5684,12467,387,8244
"2022-02-05",Trendy,1775,9732,71,3426
"2021-05-15",Lookalike,11478,8916,219,16381
"2020-11-20",Discounts,4117,20206,579,4283
"2022-04-24",Expansion,74231,38611,231,65700
"2022-06-06",Hobbies,16261,47412,429,25760
"2021-07-25",Promos,3831,16337,130,7242
"2020-12-16",Discounts,5429,10732,417,5109
"2022-01-19",Trendy,0,0,0,0
"2021-10-11",Wholesale,10447,27993,129,11920
"2021-09-11",Wholesale,10563,30430,129,12178
"2021-09-15",Promos,20153,31562,241,19862
"2021-12-11",Trendy,790,13714,66,1374
"2021-06-20",Promos,6884,33661,496,7245
"2021-05-01",Electronics,16887,76010,372,21853
"2021-02-13",Discounts,3683,11426,155,3920
"2021-08-05",Brand,796,2960,2,608
"2021-07-09",Brand,486,13684,12,760
"2021-10-14",Crazy discounts,1823,6049,54,1623
"2022-05-07",Expansion,43084,49474,239,43045
"2022-03-31",Expansion,186451,100972,1760,219224
"2021-06-13",New items,6252,22816,511,10038
"2021-08-28",Promos,8922,35306,391,13154
"2021-11-15",Brand,134,14310,5,130
"2021-05-27",Promos,1896,7174,214,2347
"2021-07-26",Electronics,13942,62018,468,17915
"2021-09-15",Crazy discounts,631,4122,331,682
"2021-08-23",Promos,9491,28365,250,10483
"2021-10-02",Crazy discounts,2219,20060,208,2863
"2022-04-13",Hobbies,19886,123831,1537,20306
"2022-02-18",Trendy,1715,9152,114,3605
"2020-12-10",Discounts,3230,15442,150,3402
"2021-08-07",Lookalike,17378,110839,1245,26830
"2021-07-21",Wholesale,23144,54826,191,28220
"2021-08-08",Lookalike,8164,144601,811,12222
"2021-12-05",Trendy,3302,18577,48,6917
"2021-04-23",Electronics,5111,26342,65,3797
"2021-12-18",Trendy,7010,34356,239,10119
"2021-09-16",Crazy discounts,5504,25033,326,4659
"2021-07-02",Electronics,13026,61611,289,9305
"2021-05-12",Electronics,30588,63523,529,28151
"2021-07-13",Crazy discounts,3679,31992,243,4171
"2021-07-30",Crazy discounts,853,6023,102,761
"2021-09-04",Electronics,75003,152285,823,63252
"2021-10-07",Lookalike,19906,44105,594,25520
"2022-04-18",Expansion,198741,157274,2220,218448
"2021-10-16",Electronics,16935,108838,463,23557
"2021-07-09",Electronics,42117,123560,604,40263
"2021-10-15",Electronics,35657,40797,386,53510
"2021-05-14",New items,972,3973,70,1476
"2021-07-16",Wholesale,4743,17865,130,6344
"2021-10-16",Lookalike,19749,79628,982,28524
"2021-09-10",Brand,195,8089,2,207
"2021-08-01",Crazy discounts,5165,29639,384,5251
"2021-05-20",Lookalike,55657,258934,3555,86550
"2022-04-20",Hobbies,34552,158977,1160,44100
"2021-11-18",Wholesale,9351,15846,97,9748
"2021-05-04",Electronics,17502,52341,621,19024
"2021-06-16",Crazy discounts,2627,20139,322,2924
"2021-08-13",Lookalike,24277,103470,1141,26843
"2021-06-22",Promos,6366,36496,159,11364
"2022-03-30",Hobbies,8299,126130,1783,8444
"2022-05-30",Expansion,54911,60964,166,72909
"2022-04-22",Expansion,126483,132571,1329,147019
"2021-06-24",Lookalike,15910,129586,1808,19298
"2021-12-21",Trendy,2489,9303,21,4035
"2021-12-20",Lookalike,41107,90974,716,47822
"2021-06-15",Crazy discounts,2058,8933,72,3289
"2021-07-15",Electronics,38671,102310,872,47907
"2021-07-20",Promos,5429,33203,156,7768
"2021-07-03",Crazy discounts,3847,18801,389,4149
"2021-12-07",Lookalike,20963,48104,621,24527
"2022-04-15",Expansion,273672,150545,1785,304084
"2021-07-25",Electronics,31811,179086,1007,42300
"2021-11-02",Lookalike,14427,60815,677,16680
"2021-05-22",Lookalike,50590,240553,5949,43959
"2021-07-19",Lookalike,44319,190048,1491,45245
"2021-02-04",Discounts,2864,13345,106,3997
"2021-09-11",Crazy discounts,2435,22769,343,3124
"2021-12-28",Lookalike,28348,69020,396,34390
"2021-08-20",New items,4724,6271,319,4944
"2021-01-15",Brand,234,3137,0,365
"2022-06-24",Expansion,58289,25591,124,68950
"2022-01-12",Trendy,838,16934,106,918
"2021-08-15",Promos,12423,18906,174,16452
"2021-09-27",Electronics,21265,55474,256,27720
"2021-08-18",Electronics,65422,94404,1134,50701
"2020-12-09",Discounts,5058,10019,277,8141
"2021-12-15",Wholesale,4375,23389,53,5188
"2021-06-07",Promos,2088,4803,191,4667
"2021-09-01",Wholesale,7910,17812,119,6407
"2021-07-15",Promos,13117,22674,213,17821
"2022-04-06",Hobbies,13339,131976,1014,15311
"2022-04-06",Expansion,189228,108735,1351,193208
"2022-06-20",Expansion,14071,23450,64,15151
"2021-08-04",Lookalike,32472,149507,1675,36337
"2021-09-14",Wholesale,20049,34218,166,21334
"2021-11-18",Lookalike,7479,15808,469,10535
"2021-08-04",Brand,846,6563,7,1304
"2021-09-22",Crazy discounts,5930,20858,210,8310
"2021-12-17",Trendy,9393,18153,201,20665
"2021-09-12",Wholesale,11466,24043,143,12826
"2021-10-07",Promos,0,0,0,0
"2022-02-21",Trendy,614,25970,99,1223
"2022-05-31",Hobbies,7709,37093,228,8990
"2021-01-07",Brand,641,3733,0,981
"2021-07-14",Wholesale,26725,27189,371,37240
"2021-10-05",Electronics,19977,27757,255,26061
"2021-12-13",Trendy,514,4851,29,678
"2022-05-13",Hobbies,14228,87043,523,14371
"2021-08-31",Promos,15864,52852,401,21875
"2021-02-07",Discounts,789,3931,73,898
"2021-05-19",Lookalike,47815,91525,1879,76818
"2021-09-30",Electronics,17208,10531,123,16983
"2022-05-08",Expansion,29691,35677,291,28639
"2021-07-12",Brand,151,2506,0,230
"2021-06-20",Lookalike,9592,110543,818,10242
"2021-08-04",Electronics,44573,142232,1118,50560
"2021-06-16",Electronics,4559,11355,201,4955
"2021-10-19",Wholesale,8765,18000,148,9022
"2021-06-30",Wholesale,8210,7376,87,7579
"2021-08-15",Wholesale,19536,48539,347,25958
"2021-01-05",Discounts,8115,60232,1379,6168
"2021-08-25",Electronics,31033,97634,611,31506
"2020-11-17",Discounts,1261,17686,270,1195
"2021-09-28",Wholesale,13014,25286,197,17473
"2021-02-25",Discounts,4669,12606,236,6416
"2022-02-13",Trendy,3716,23426,57,8988
"2021-08-15",Electronics,70628,128132,1165,106219
"2021-05-20",Promos,1064,3669,63,2116
"2022-05-26",Expansion,9695,19587,28,15014
"2021-09-13",Electronics,13696,48660,139,18500
"2021-08-15",Lookalike,29823,100231,256,31502
"2022-03-20",Expansion,131658,126480,1514,159411
"2021-09-16",Promos,10750,45831,188,13755
"2021-01-06",Brand,9,216,0,10
"2021-07-15",Lookalike,21968,37459,1520,21723
"2021-07-20",Crazy discounts,3450,35342,357,2995
"2021-11-11",Brand,354,14273,1,285
"2021-09-03",Promos,10120,24903,167,11163
"2020-11-29",Discounts,1984,8354,425,2319
"2022-06-17",Hobbies,12055,107543,283,14119
"2021-08-12",Wholesale,14450,17139,200,16767
"2020-11-21",Discounts,3956,15703,1078,5229
"2021-10-20",Lookalike,38727,80949,407,54159
"2021-09-14",Lookalike,20387,13422,376,34385
"2021-10-09",Wholesale,20216,21945,191,24484
"2021-10-17",Brand,13,42,0,19
"2021-07-17",Electronics,7769,41392,345,13562
"2020-12-05",Discounts,4434,4569,354,7029
"2022-05-07",Hobbies,20180,195447,874,20498
"2021-06-14",Promos,5249,25831,223,5013
"2021-07-26",New items,5998,4575,176,4528
"2021-08-30",Lookalike,13736,98327,1057,21344
"2021-08-23",Crazy discounts,2008,11632,258,1583
"2021-10-03",Electronics,39722,77273,407,38136
"2022-07-03",Expansion,89412,33667,120,99781
"2021-03-12",Brand,832,15034,1,872
"2021-12-15",Trendy,7404,55560,270,11907
"2021-10-03",Wholesale,8819,16499,103,11738
"2020-12-31",Discounts,0,0,0,0
"2021-08-09",Lookalike,21631,133025,1075,26243
"2021-09-03",Electronics,68251,161337,985,78289
"2022-05-08",Hobbies,31078,230483,1180,29652
"2021-08-25",Crazy discounts,2289,16814,293,3338
"2021-08-20",Crazy discounts,3701,25063,131,4150
"2022-05-27",Expansion,74410,44807,166,98597
"2021-10-02",Promos,9957,45919,66,15219
"2022-04-21",Expansion,162602,98593,1845,177925
"2021-08-13",Promos,4211,12735,142,6133
"2021-06-13",Lookalike,7781,3584,273,9799
"2022-05-04",Expansion,19936,51497,159,28366
"2021-02-11",Discounts,1053,6239,66,1683
"2021-12-22",Lookalike,14972,70234,747,13185
"2021-06-11",Crazy discounts,186,15101,66,194
"2022-06-10",Hobbies,8759,66519,313,11638
"2022-01-18",Trendy,0,0,0,0
"2022-06-19",Hobbies,15881,69040,409,22435
"2021-11-12",Brand,389,11783,1,457
"2021-12-04",Lookalike,43286,71656,705,49022
"2021-06-24",Electronics,7475,28268,301,9313
"2020-12-03",Discounts,7270,6882,738,5584
"2022-05-17",Expansion,39617,54651,183,59876
"2020-12-30",Discounts,2772,8853,199,3923
"2021-10-06",Electronics,26591,58280,335,28080
"2022-05-12",Expansion,61342,32297,184,71232
"2020-11-14",Discounts,728,5012,392,1268
"2021-11-03",Wholesale,6443,15823,122,8191
"2021-08-12",Lookalike,18419,162394,1428,31077
"2021-06-15",Promos,5851,22773,134,8225
"2021-05-31",Electronics,1893,14653,158,1686
"2021-09-05",Lookalike,8891,55767,444,12484
"2021-07-26",Promos,5478,31150,185,8376
"2022-03-31",Hobbies,9772,91639,1382,11382
"2021-06-19",Wholesale,14427,11918,224,21470
"2021-10-14",Electronics,21354,98650,355,23211
"2022-04-17",Expansion,329592,129829,1837,448699
"2021-03-06",Brand,1025,7098,6,1195
"2021-06-18",Lookalike,17112,81118,1403,22293
"2021-01-14",Discounts,3318,73978,261,3570
"2021-12-04",Wholesale,4991,13114,85,6170
"2021-08-07",Wholesale,14534,41286,288,19548
"2021-10-17",Electronics,28995,85879,346,44437
"2020-11-28",Discounts,1276,7310,284,1664
"2020-11-24",Discounts,6102,8623,423,6461
"2021-05-17",Lookalike,14836,62708,747,15384
"2021-10-25",Lookalike,28294,89926,778,35142
"2021-11-20",Brand,1034,7485,19,782
"2021-08-29",Crazy discounts,1495,13913,150,1594
"2021-06-30",Electronics,12278,21393,281,18397
"2021-07-07",Lookalike,29464,103211,1928,40700
"2020-12-28",Brand,2787,29159,10,3676
"2021-06-07",New items,1755,14620,109,2580
"2021-09-19",Promos,14337,50531,279,22439
"2021-08-28",Wholesale,24110,41100,263,29599
"2021-08-21",New items,5766,19922,473,6230
"2021-05-22",New items,3493,15220,74,4087
"2020-12-02",Discounts,2227,8252,386,3027
"2021-08-07",Brand,629,4539,2,646
"2021-12-18",Wholesale,5445,13469,32,6727
"2021-06-17",Promos,7669,38587,433,10073
"2021-05-13",New items,2932,16105,241,2742
"2021-07-26",Crazy discounts,4549,26917,149,5592
"2021-09-26",Lookalike,30117,58678,505,34609
"2021-08-02",Promos,8216,42235,233,10950
"2021-07-23",Lookalike,73574,218342,1594,80400
"2022-01-03",Trendy,3201,44784,306,5410
"2021-04-10",Brand,481,2750,11,414
"2021-08-16",Electronics,29843,118042,1294,34922
"2021-05-31",New items,4607,13487,279,5403
"2021-02-14",Discounts,4765,6367,166,6609
"2021-07-17",Wholesale,23132,76087,222,29342
"2021-09-07",Wholesale,16094,55088,242,25266
"2021-08-06",Promos,7336,29364,209,7611
"2021-05-29",Promos,1794,12129,51,2989
"2022-06-18",Hobbies,16111,125212,364,16057
"2021-12-06",Lookalike,48082,87031,384,50292
"2021-06-19",New items,5562,13709,167,7080
"2021-06-28",New items,1954,7049,138,3387
"2021-07-09",Lookalike,18228,160077,560,21207
"2021-01-09",Discounts,5363,47079,708,4094
"2021-11-04",Wholesale,7488,18654,131,10088
"2022-03-24",Expansion,111160,61717,1459,128050
"2022-01-01",Trendy,1648,52074,260,2842
"2022-04-11",Hobbies,16631,282712,2104,19781
"2021-12-08",Trendy,1986,14988,57,4326
"2021-08-06",Wholesale,20004,30757,327,25184
"2021-06-22",Lookalike,1762,8296,29,2035
"2021-12-14",Lookalike,41041,94799,1468,63629
"2022-07-07",Hobbies,0,0,0,0
"2021-02-22",Discounts,10658,25063,908,15218
"2021-08-05",Electronics,21469,217377,1557,32647
"2021-09-07",Crazy discounts,4495,20839,242,5328
"2022-06-06",Expansion,49682,44086,171,68082
"2021-07-25",Lookalike,38537,47244,2240,61435
"2021-11-05",Lookalike,25206,74065,930,37019
"2021-12-23",Wholesale,4063,9587,46,4477
"2021-10-05",Lookalike,27461,60885,967,24869
"2021-10-24",Wholesale,7054,13897,126,8749
"2021-07-04",Lookalike,13911,49048,1958,15174
"2021-07-18",New items,10180,29994,323,14347
"2021-08-06",Brand,432,14286,3,525
"2020-12-07",Discounts,3729,17289,162,6076
"2021-10-18",Electronics,7740,13934,122,7309
"2020-12-24",Discounts,1904,3597,143,2773
"2021-10-01",Crazy discounts,2054,11606,73,3207
"2021-08-02",Lookalike,27767,45946,1654,25175
"2022-06-23",Hobbies,5198,69093,243,4817
"2021-10-12",Electronics,29236,52272,415,33805
"2022-01-31",Trendy,1693,19554,80,3383
"2021-06-28",Brand,124,3782,3,203
"2021-12-12",Wholesale,5991,11658,48,6660
"2021-09-30",Promos,5275,44878,473,10249
"2021-08-16",New items,9352,27886,474,10880
"2021-09-21",Electronics,37750,65996,503,48004
"2021-07-12",Electronics,6792,81527,709,6741
"2021-06-26",Crazy discounts,2832,25852,316,4094
"2022-05-25",Expansion,47944,49644,157,57627
"2021-10-09",Electronics,17943,47257,197,16487
"2021-07-07",New items,2557,21243,156,3186
"2021-05-21",Promos,1902,13555,54,2472
"2021-12-26",Trendy,2015,4658,82,4489
"2021-12-17",Lookalike,22927,61191,1044,31820
"2021-11-23",Wholesale,6803,16660,116,7244
"2021-08-14",Promos,2962,19562,187,3889
"2022-04-20",Expansion,123699,116637,1462,144501
"2021-10-04",Crazy discounts,204,6243,62,208
"2022-02-16",Trendy,3289,10580,105,5807
"2021-06-10",New items,2606,19607,323,3518
"2022-07-04",Hobbies,0,0,0,0
"2021-12-25",Wholesale,13144,27755,66,15085
"2021-11-26",Wholesale,5975,11968,59,6570
"2021-06-24",Wholesale,4783,11869,102,7241
"2022-05-26",Hobbies,36314,214530,1159,44068
"2021-08-19",Lookalike,3261,4958,85,3452
"2021-07-13",Lookalike,33427,77193,722,35276
"2021-04-27",Promos,1307,4808,18,2917
"2021-07-05",Electronics,11555,47259,342,18621
"2021-04-14",Electronics,18268,94383,967,17205
"2021-05-17",Electronics,2063,10994,50,2909
"2021-09-24",Crazy discounts,903,1973,139,1063
"2021-08-20",Lookalike,20757,104816,796,33548
"2021-07-22",Electronics,24926,124048,310,23358
"2021-09-01",Crazy discounts,3347,18238,65,3892
"2022-01-03",Wholesale,0,0,0,0
"2021-09-25",Lookalike,24326,31789,440,37284
"2021-11-22",Lookalike,28428,70127,837,39299
"2022-07-08",Expansion,17148,11348,98,18534
"2021-07-31",Promos,4911,43852,137,7989
"2021-06-03",Promos,4759,21313,113,5889
"2022-05-17",Hobbies,24597,144304,858,30044
"2022-03-27",Hobbies,6935,147226,1875,7676
"2021-07-20",New items,10275,38040,506,12076
"2021-10-06",Wholesale,19367,31226,64,17051
"2021-07-23",Electronics,48713,162297,708,72376
"2021-06-26",Wholesale,10432,13000,153,14997
"2021-07-20",Lookalike,41509,164444,1285,52314
"2021-05-25",Electronics,4690,9267,57,5155
"2021-05-19",Promos,2239,12622,58,2582
"2021-08-26",Electronics,28153,47304,430,41851
"2021-07-11",Lookalike,10410,61401,1824,10902
"2021-10-28",Lookalike,37166,56257,601,46619
"2021-05-14",Electronics,8283,49061,241,6294
"2022-05-21",Expansion,60353,40193,138,54015
"2021-06-09",Lookalike,47732,146862,1645,67278
"2021-07-17",Promos,7474,14174,215,10965
"2021-05-21",Lookalike,14863,23602,189,18594
"2022-05-29",Hobbies,35224,218019,574,47545
"2021-06-23",Crazy discounts,1268,14911,163,1026
"2021-08-26",Promos,7327,54307,341,8908
"2021-09-20",Crazy discounts,2355,19008,284,2441
